{
   "date": "2024-08-09",
   "date_epoch": 1723161600,
   "day": {
     "maxtemp_c": 32.1,
     "maxtemp_f": 89.8,
     "mintemp_c": 27,
     "mintemp_f": 80.6,
     "avgtemp_c": 29.4,
     "avgtemp_f": 84.9,
     "maxwind_mph": 13.6,
     "maxwind_kph": 22,
     "totalprecip_mm": 2.35,
     "totalprecip_in": 0.09,
     "totalsnow_cm": 0,
     "avgvis_km": 10,
     "avgvis_miles": 6,
     "avghumidity": 72,
     "daily_will_it_rain": 1,
     "daily_chance_of_rain": 88,
     "daily_will_it_snow": 0,
     "daily_chance_of_snow": 0,
     "condition": {
       "text": "Patchy rain nearby",
       "icon": "//cdn.weatherapi.com/weather/64x64/day/176.png",
       "code": 1063
     },
     "uv": 8
   },
   "astro": {
     "sunrise": "05:56 AM",
     "sunset": "06:33 PM",
     "moonrise": "09:34 AM",
     "moonset": "09:42 PM",
     "moon_phase": "Waxing Crescent",
     "moon_illumination": 18,
     "is_moon_up": 0,
     "is_sun_up": 0
   },
   "hour": [
     {
       "time_epoch": 1723141800,
       "time": "2024-08-09 00:00",
       "temp_c": 27.9,
       "temp_f": 82.1,
       "is_day": 0,
       "condition": {
         "text": "Light rain shower",
         "icon": "//cdn.weatherapi.com/weather/64x64/night/353.png",
         "code": 1240
       },
       "wind_mph": 8.5,
       "wind_kph": 13.7,
       "wind_degree": 215,
       "wind_dir": "SW",
       "pressure_mb": 1007,
       "pressure_in": 29.75,
       "precip_mm": 0.79,
       "precip_in": 0.03,
       "snow_cm": 0,
       "humidity": 78,
       "cloud": 84,
       "feelslike_c": 31.7,
       "feelslike_f": 89.1,
       "windchill_c": 27.9,
       "windchill_f": 82.1,
       "heatindex_c": 31.7,
       "heatindex_f": 89.1,
       "dewpoint_c": 23.7,
       "dewpoint_f": 74.6,
       "will_it_rain": 1,
       "chance_of_rain": 100,
       "will_it_snow": 0,
       "chance_of_snow": 0,
       "vis_km": 10,
       "vis_miles": 6,
       "gust_mph": 13.5,
       "gust_kph": 21.8,
       "uv": 0
     },
     {
       "time_epoch": 1723145400,
       "time": "2024-08-09 01:00",
       "temp_c": 27.9,
       "temp_f": 82.1,
       "is_day": 0,
       "condition": {
         "text": "Patchy rain nearby",
         "icon": "//cdn.weatherapi.com/weather/64x64/night/176.png",
         "code": 1063
       },
       "wind_mph": 10.3,
       "wind_kph": 16.6,
       "wind_degree": 213,
       "wind_dir": "SSW",
       "pressure_mb": 1007,
       "pressure_in": 29.73,
       "precip_mm": 0.6,
       "precip_in": 0.02,
       "snow_cm": 0,
       "humidity": 78,
       "cloud": 70,
       "feelslike_c": 31.8,
       "feelslike_f": 89.2,
       "windchill_c": 27.9,
       "windchill_f": 82.1,
       "heatindex_c": 31.8,
       "heatindex_f": 89.2,
       "dewpoint_c": 23.7,
       "dewpoint_f": 74.7,
       "will_it_rain": 1,
       "chance_of_rain": 100,
       "will_it_snow": 0,
       "chance_of_snow": 0,
       "vis_km": 9,
       "vis_miles": 5,
       "gust_mph": 15.9,
       "gust_kph": 25.6,
       "uv": 0
     },
     {
       "time_epoch": 1723149000,
       "time": "2024-08-09 02:00",
       "temp_c": 27.2,
       "temp_f": 81,
       "is_day": 0,
       "condition": {
         "text": "Light rain shower",
         "icon": "//cdn.weatherapi.com/weather/64x64/night/353.png",
         "code": 1240
       },
       "wind_mph": 13.6,
       "wind_kph": 22,
       "wind_degree": 238,
       "wind_dir": "WSW",
       "pressure_mb": 1007,
       "pressure_in": 29.73,
       "precip_mm": 0.81,
       "precip_in": 0.03,
       "snow_cm": 0,
       "humidity": 80,
       "cloud": 67,
       "feelslike_c": 30.7,
       "feelslike_f": 87.3,
       "windchill_c": 27.2,
       "windchill_f": 81,
       "heatindex_c": 30.7,
       "heatindex_f": 87.3,
       "dewpoint_c": 23.5,
       "dewpoint_f": 74.3,
       "will_it_rain": 1,
       "chance_of_rain": 100,
       "will_it_snow": 0,
       "chance_of_snow": 0,
       "vis_km": 10,
       "vis_miles": 6,
       "gust_mph": 20.1,
       "gust_kph": 32.4,
       "uv": 0
     },
     {
       "time_epoch": 1723152600,
       "time": "2024-08-09 03:00",
       "temp_c": 27,
       "temp_f": 80.6,
       "is_day": 0,
       "condition": {
         "text": "Patchy rain nearby",
         "icon": "//cdn.weatherapi.com/weather/64x64/night/176.png",
         "code": 1063
       },
       "wind_mph": 12.1,
       "wind_kph": 19.4,
       "wind_degree": 238,
       "wind_dir": "WSW",
       "pressure_mb": 1007,
       "pressure_in": 29.72,
       "precip_mm": 0.05,
       "precip_in": 0,
       "snow_cm": 0,
       "humidity": 80,
       "cloud": 62,
       "feelslike_c": 30.2,
       "feelslike_f": 86.4,
       "windchill_c": 27,
       "windchill_f": 80.6,
       "heatindex_c": 30.2,
       "heatindex_f": 86.4,
       "dewpoint_c": 23.2,
       "dewpoint_f": 73.7,
       "will_it_rain": 1,
       "chance_of_rain": 100,
       "will_it_snow": 0,
       "chance_of_snow": 0,
       "vis_km": 10,
       "vis_miles": 6,
       "gust_mph": 18.5,
       "gust_kph": 29.8,
       "uv": 0
     },
     {
       "time_epoch": 1723156200,
       "time": "2024-08-09 04:00",
       "temp_c": 27.2,
       "temp_f": 81,
       "is_day": 0,
       "condition": {
         "text": "Cloudy ",
         "icon": "//cdn.weatherapi.com/weather/64x64/night/119.png",
         "code": 1006
       },
       "wind_mph": 13.4,
       "wind_kph": 21.6,
       "wind_degree": 242,
       "wind_dir": "WSW",
       "pressure_mb": 1007,
       "pressure_in": 29.73,
       "precip_mm": 0,
       "precip_in": 0,
       "snow_cm": 0,
       "humidity": 78,
       "cloud": 64,
       "feelslike_c": 30.4,
       "feelslike_f": 86.8,
       "windchill_c": 27.2,
       "windchill_f": 81,
       "heatindex_c": 30.4,
       "heatindex_f": 86.8,
       "dewpoint_c": 23,
       "dewpoint_f": 73.3,
       "will_it_rain": 0,
       "chance_of_rain": 0,
       "will_it_snow": 0,
       "chance_of_snow": 0,
       "vis_km": 10,
       "vis_miles": 6,
       "gust_mph": 20.3,
       "gust_kph": 32.7,
       "uv": 0
     },
     {
       "time_epoch": 1723159800,
       "time": "2024-08-09 05:00",
       "temp_c": 27.1,
       "temp_f": 80.8,
       "is_day": 0,
       "condition": {
         "text": "Partly Cloudy ",
         "icon": "//cdn.weatherapi.com/weather/64x64/night/116.png",
         "code": 1003
       },
       "wind_mph": 13.4,
       "wind_kph": 21.6,
       "wind_degree": 247,
       "wind_dir": "WSW",
       "pressure_mb": 1007,
       "pressure_in": 29.74,
       "precip_mm": 0,
       "precip_in": 0,
       "snow_cm": 0,
       "humidity": 78,
       "cloud": 54,
       "feelslike_c": 30.3,
       "feelslike_f": 86.5,
       "windchill_c": 27.1,
       "windchill_f": 80.8,
       "heatindex_c": 30.3,
       "heatindex_f": 86.5,
       "dewpoint_c": 23,
       "dewpoint_f": 73.3,
       "will_it_rain": 0,
       "chance_of_rain": 0,
       "will_it_snow": 0,
       "chance_of_snow": 0,
       "vis_km": 10,
       "vis_miles": 6,
       "gust_mph": 20.2,
       "gust_kph": 32.4,
       "uv": 0
     },
     {
       "time_epoch": 1723163400,
       "time": "2024-08-09 06:00",
       "temp_c": 27,
       "temp_f": 80.7,
       "is_day": 1,
       "condition": {
         "text": "Partly Cloudy ",
         "icon": "//cdn.weatherapi.com/weather/64x64/day/116.png",
         "code": 1003
       },
       "wind_mph": 11.6,
       "wind_kph": 18.7,
       "wind_degree": 249,
       "wind_dir": "WSW",
       "pressure_mb": 1008,
       "pressure_in": 29.75,
       "precip_mm": 0,
       "precip_in": 0,
       "snow_cm": 0,
       "humidity": 79,
       "cloud": 36,
       "feelslike_c": 30.2,
       "feelslike_f": 86.4,
       "windchill_c": 27,
       "windchill_f": 80.7,
       "heatindex_c": 30.2,
       "heatindex_f": 86.4,
       "dewpoint_c": 23,
       "dewpoint_f": 73.5,
       "will_it_rain": 0,
       "chance_of_rain": 0,
       "will_it_snow": 0,
       "chance_of_snow": 0,
       "vis_km": 10,
       "vis_miles": 6,
       "gust_mph": 17.3,
       "gust_kph": 27.9,
       "uv": 7
     },
     {
       "time_epoch": 1723167000,
       "time": "2024-08-09 07:00",
       "temp_c": 27.8,
       "temp_f": 82.1,
       "is_day": 1,
       "condition": {
         "text": "Partly Cloudy ",
         "icon": "//cdn.weatherapi.com/weather/64x64/day/116.png",
         "code": 1003
       },
       "wind_mph": 12.5,
       "wind_kph": 20.2,
       "wind_degree": 259,
       "wind_dir": "W",
       "pressure_mb": 1008,
       "pressure_in": 29.78,
       "precip_mm": 0,
       "precip_in": 0,
       "snow_cm": 0,
       "humidity": 76,
       "cloud": 32,
       "feelslike_c": 31.4,
       "feelslike_f": 88.4,
       "windchill_c": 27.8,
       "windchill_f": 82.1,
       "heatindex_c": 31.4,
       "heatindex_f": 88.4,
       "dewpoint_c": 23.2,
       "dewpoint_f": 73.7,
       "will_it_rain": 0,
       "chance_of_rain": 0,
       "will_it_snow": 0,
       "chance_of_snow": 0,
       "vis_km": 10,
       "vis_miles": 6,
       "gust_mph": 17,
       "gust_kph": 27.3,
       "uv": 7
     },
     {
       "time_epoch": 1723170600,
       "time": "2024-08-09 08:00",
       "temp_c": 29.5,
       "temp_f": 85.2,
       "is_day": 1,
       "condition": {
         "text": "Partly Cloudy ",
         "icon": "//cdn.weatherapi.com/weather/64x64/day/116.png",
         "code": 1003
       },
       "wind_mph": 11,
       "wind_kph": 17.6,
       "wind_degree": 272,
       "wind_dir": "W",
       "pressure_mb": 1009,
       "pressure_in": 29.79,
       "precip_mm": 0,
       "precip_in": 0,
       "snow_cm": 0,
       "humidity": 69,
       "cloud": 31,
       "feelslike_c": 33.7,
       "feelslike_f": 92.7,
       "windchill_c": 29.5,
       "windchill_f": 85.2,
       "heatindex_c": 33.7,
       "heatindex_f": 92.7,
       "dewpoint_c": 23.2,
       "dewpoint_f": 73.7,
       "will_it_rain": 0,
       "chance_of_rain": 0,
       "will_it_snow": 0,
       "chance_of_snow": 0,
       "vis_km": 10,
       "vis_miles": 6,
       "gust_mph": 13.9,
       "gust_kph": 22.4,
       "uv": 7
     },
     {
       "time_epoch": 1723174200,
       "time": "2024-08-09 09:00",
       "temp_c": 30.9,
       "temp_f": 87.6,
       "is_day": 1,
       "condition": {
         "text": "Partly Cloudy ",
         "icon": "//cdn.weatherapi.com/weather/64x64/day/116.png",
         "code": 1003
       },
       "wind_mph": 6.9,
       "wind_kph": 11.2,
       "wind_degree": 301,
       "wind_dir": "WNW",
       "pressure_mb": 1009,
       "pressure_in": 29.79,
       "precip_mm": 0,
       "precip_in": 0,
       "snow_cm": 0,
       "humidity": 64,
       "cloud": 35,
       "feelslike_c": 35.7,
       "feelslike_f": 96.2,
       "windchill_c": 30.9,
       "windchill_f": 87.6,
       "heatindex_c": 35.7,
       "heatindex_f": 96.2,
       "dewpoint_c": 23.2,
       "dewpoint_f": 73.8,
       "will_it_rain": 0,
       "chance_of_rain": 0,
       "will_it_snow": 0,
       "chance_of_snow": 0,
       "vis_km": 10,
       "vis_miles": 6,
       "gust_mph": 8.9,
       "gust_kph": 14.3,
       "uv": 8
     },
     {
       "time_epoch": 1723177800,
       "time": "2024-08-09 10:00",
       "temp_c": 31.8,
       "temp_f": 89.3,
       "is_day": 1,
       "condition": {
         "text": "Partly Cloudy ",
         "icon": "//cdn.weatherapi.com/weather/64x64/day/116.png",
         "code": 1003
       },
       "wind_mph": 6.5,
       "wind_kph": 10.4,
       "wind_degree": 357,
       "wind_dir": "N",
       "pressure_mb": 1009,
       "pressure_in": 29.79,
       "precip_mm": 0,
       "precip_in": 0,
       "snow_cm": 0,
       "humidity": 61,
       "cloud": 43,
       "feelslike_c": 37,
       "feelslike_f": 98.6,
       "windchill_c": 31.8,
       "windchill_f": 89.3,
       "heatindex_c": 37,
       "heatindex_f": 98.6,
       "dewpoint_c": 23.3,
       "dewpoint_f": 73.9,
       "will_it_rain": 0,
       "chance_of_rain": 0,
       "will_it_snow": 0,
       "chance_of_snow": 0,
       "vis_km": 10,
       "vis_miles": 6,
       "gust_mph": 8.3,
       "gust_kph": 13.3,
       "uv": 8
     },
     {
       "time_epoch": 1723181400,
       "time": "2024-08-09 11:00",
       "temp_c": 32.1,
       "temp_f": 89.8,
       "is_day": 1,
       "condition": {
         "text": "Partly Cloudy ",
         "icon": "//cdn.weatherapi.com/weather/64x64/day/116.png",
         "code": 1003
       },
       "wind_mph": 8.5,
       "wind_kph": 13.7,
       "wind_degree": 28,
       "wind_dir": "NNE",
       "pressure_mb": 1008,
       "pressure_in": 29.77,
       "precip_mm": 0,
       "precip_in": 0,
       "snow_cm": 0,
       "humidity": 60,
       "cloud": 45,
       "feelslike_c": 37.4,
       "feelslike_f": 99.3,
       "windchill_c": 32.1,
       "windchill_f": 89.8,
       "heatindex_c": 37.4,
       "heatindex_f": 99.3,
       "dewpoint_c": 23.3,
       "dewpoint_f": 73.9,
       "will_it_rain": 0,
       "chance_of_rain": 0,
       "will_it_snow": 0,
       "chance_of_snow": 0,
       "vis_km": 10,
       "vis_miles": 6,
       "gust_mph": 10.5,
       "gust_kph": 16.8,
       "uv": 8
     },
     {
       "time_epoch": 1723185000,
       "time": "2024-08-09 12:00",
       "temp_c": 32,
       "temp_f": 89.5,
       "is_day": 1,
       "condition": {
         "text": "Patchy rain nearby",
         "icon": "//cdn.weatherapi.com/weather/64x64/day/176.png",
         "code": 1063
       },
       "wind_mph": 8.7,
       "wind_kph": 14,
       "wind_degree": 50,
       "wind_dir": "NE",
       "pressure_mb": 1007,
       "pressure_in": 29.74,
       "precip_mm": 0.02,
       "precip_in": 0,
       "snow_cm": 0,
       "humidity": 60,
       "cloud": 67,
       "feelslike_c": 37.2,
       "feelslike_f": 99,
       "windchill_c": 32,
       "windchill_f": 89.5,
       "heatindex_c": 37.2,
       "heatindex_f": 99,
       "dewpoint_c": 23.3,
       "dewpoint_f": 73.9,
       "will_it_rain": 1,
       "chance_of_rain": 88,
       "will_it_snow": 0,
       "chance_of_snow": 0,
       "vis_km": 10,
       "vis_miles": 6,
       "gust_mph": 10.9,
       "gust_kph": 17.6,
       "uv": 7
     },
     {
       "time_epoch": 1723188600,
       "time": "2024-08-09 13:00",
       "temp_c": 31.3,
       "temp_f": 88.3,
       "is_day": 1,
       "condition": {
         "text": "Patchy rain nearby",
         "icon": "//cdn.weatherapi.com/weather/64x64/day/176.png",
         "code": 1063
       },
       "wind_mph": 8.5,
       "wind_kph": 13.7,
       "wind_degree": 70,
       "wind_dir": "ENE",
       "pressure_mb": 1006,
       "pressure_in": 29.71,
       "precip_mm": 0.08,
       "precip_in": 0,
       "snow_cm": 0,
       "humidity": 63,
       "cloud": 63,
       "feelslike_c": 36.5,
       "feelslike_f": 97.6,
       "windchill_c": 31.3,
       "windchill_f": 88.3,
       "heatindex_c": 36.5,
       "heatindex_f": 97.6,
       "dewpoint_c": 23.5,
       "dewpoint_f": 74.2,
       "will_it_rain": 1,
       "chance_of_rain": 100,
       "will_it_snow": 0,
       "chance_of_snow": 0,
       "vis_km": 10,
       "vis_miles": 6,
       "gust_mph": 11.5,
       "gust_kph": 18.5,
       "uv": 7
     },
     {
       "time_epoch": 1723192200,
       "time": "2024-08-09 14:00",
       "temp_c": 30.9,
       "temp_f": 87.6,
       "is_day": 1,
       "condition": {
         "text": "Cloudy ",
         "icon": "//cdn.weatherapi.com/weather/64x64/day/119.png",
         "code": 1006
       },
       "wind_mph": 6.9,
       "wind_kph": 11.2,
       "wind_degree": 82,
       "wind_dir": "E",
       "pressure_mb": 1005,
       "pressure_in": 29.69,
       "precip_mm": 0,
       "precip_in": 0,
       "snow_cm": 0,
       "humidity": 66,
       "cloud": 69,
       "feelslike_c": 36,
       "feelslike_f": 96.9,
       "windchill_c": 30.9,
       "windchill_f": 87.5,
       "heatindex_c": 36,
       "heatindex_f": 96.9,
       "dewpoint_c": 23.7,
       "dewpoint_f": 74.7,
       "will_it_rain": 0,
       "chance_of_rain": 0,
       "will_it_snow": 0,
       "chance_of_snow": 0,
       "vis_km": 10,
       "vis_miles": 6,
       "gust_mph": 9.5,
       "gust_kph": 15.3,
       "uv": 7
     },
     {
       "time_epoch": 1723195800,
       "time": "2024-08-09 15:00",
       "temp_c": 30.5,
       "temp_f": 86.9,
       "is_day": 1,
       "condition": {
         "text": "Partly Cloudy ",
         "icon": "//cdn.weatherapi.com/weather/64x64/day/116.png",
         "code": 1003
       },
       "wind_mph": 7.4,
       "wind_kph": 11.9,
       "wind_degree": 100,
       "wind_dir": "E",
       "pressure_mb": 1005,
       "pressure_in": 29.68,
       "precip_mm": 0,
       "precip_in": 0,
       "snow_cm": 0,
       "humidity": 68,
       "cloud": 58,
       "feelslike_c": 35.8,
       "feelslike_f": 96.5,
       "windchill_c": 30.5,
       "windchill_f": 86.9,
       "heatindex_c": 35.8,
       "heatindex_f": 96.5,
       "dewpoint_c": 24,
       "dewpoint_f": 75.2,
       "will_it_rain": 0,
       "chance_of_rain": 0,
       "will_it_snow": 0,
       "chance_of_snow": 0,
       "vis_km": 10,
       "vis_miles": 6,
       "gust_mph": 10.4,
       "gust_kph": 16.7,
       "uv": 8
     },
     {
       "time_epoch": 1723199400,
       "time": "2024-08-09 16:00",
       "temp_c": 30.4,
       "temp_f": 86.7,
       "is_day": 1,
       "condition": {
         "text": "Partly Cloudy ",
         "icon": "//cdn.weatherapi.com/weather/64x64/day/116.png",
         "code": 1003
       },
       "wind_mph": 6.5,
       "wind_kph": 10.4,
       "wind_degree": 116,
       "wind_dir": "ESE",
       "pressure_mb": 1005,
       "pressure_in": 29.68,
       "precip_mm": 0,
       "precip_in": 0,
       "snow_cm": 0,
       "humidity": 69,
       "cloud": 41,
       "feelslike_c": 35.7,
       "feelslike_f": 96.3,
       "windchill_c": 30.4,
       "windchill_f": 86.7,
       "heatindex_c": 35.7,
       "heatindex_f": 96.3,
       "dewpoint_c": 24.2,
       "dewpoint_f": 75.5,
       "will_it_rain": 0,
       "chance_of_rain": 0,
       "will_it_snow": 0,
       "chance_of_snow": 0,
       "vis_km": 10,
       "vis_miles": 6,
       "gust_mph": 9.2,
       "gust_kph": 14.9,
       "uv": 8
     },
     {
       "time_epoch": 1723203000,
       "time": "2024-08-09 17:00",
       "temp_c": 30.3,
       "temp_f": 86.5,
       "is_day": 1,
       "condition": {
         "text": "Partly Cloudy ",
         "icon": "//cdn.weatherapi.com/weather/64x64/day/116.png",
         "code": 1003
       },
       "wind_mph": 6,
       "wind_kph": 9.7,
       "wind_degree": 134,
       "wind_dir": "SE",
       "pressure_mb": 1006,
       "pressure_in": 29.69,
       "precip_mm": 0,
       "precip_in": 0,
       "snow_cm": 0,
       "humidity": 70,
       "cloud": 39,
       "feelslike_c": 35.6,
       "feelslike_f": 96.1,
       "windchill_c": 30.3,
       "windchill_f": 86.5,
       "heatindex_c": 35.6,
       "heatindex_f": 96.1,
       "dewpoint_c": 24.2,
       "dewpoint_f": 75.6,
       "will_it_rain": 0,
       "chance_of_rain": 0,
       "will_it_snow": 0,
       "chance_of_snow": 0,
       "vis_km": 10,
       "vis_miles": 6,
       "gust_mph": 8.8,
       "gust_kph": 14.1,
       "uv": 8
     },
     {
       "time_epoch": 1723206600,
       "time": "2024-08-09 18:00",
       "temp_c": 29.9,
       "temp_f": 85.8,
       "is_day": 1,
       "condition": {
         "text": "Partly Cloudy ",
         "icon": "//cdn.weatherapi.com/weather/64x64/day/116.png",
         "code": 1003
       },
       "wind_mph": 6.5,
       "wind_kph": 10.4,
       "wind_degree": 148,
       "wind_dir": "SSE",
       "pressure_mb": 1006,
       "pressure_in": 29.71,
       "precip_mm": 0,
       "precip_in": 0,
       "snow_cm": 0,
       "humidity": 72,
       "cloud": 58,
       "feelslike_c": 35.2,
       "feelslike_f": 95.3,
       "windchill_c": 29.9,
       "windchill_f": 85.8,
       "heatindex_c": 35.2,
       "heatindex_f": 95.3,
       "dewpoint_c": 24.3,
       "dewpoint_f": 75.7,
       "will_it_rain": 0,
       "chance_of_rain": 0,
       "will_it_snow": 0,
       "chance_of_snow": 0,
       "vis_km": 10,
       "vis_miles": 6,
       "gust_mph": 10,
       "gust_kph": 16,
       "uv": 7
     },
     {
       "time_epoch": 1723210200,
       "time": "2024-08-09 19:00",
       "temp_c": 29.8,
       "temp_f": 85.6,
       "is_day": 0,
       "condition": {
         "text": "Partly Cloudy ",
         "icon": "//cdn.weatherapi.com/weather/64x64/night/116.png",
         "code": 1003
       },
       "wind_mph": 6.9,
       "wind_kph": 11.2,
       "wind_degree": 155,
       "wind_dir": "SSE",
       "pressure_mb": 1007,
       "pressure_in": 29.73,
       "precip_mm": 0,
       "precip_in": 0,
       "snow_cm": 0,
       "humidity": 73,
       "cloud": 30,
       "feelslike_c": 35,
       "feelslike_f": 94.9,
       "windchill_c": 29.8,
       "windchill_f": 85.6,
       "heatindex_c": 35,
       "heatindex_f": 94.9,
       "dewpoint_c": 24.3,
       "dewpoint_f": 75.8,
       "will_it_rain": 0,
       "chance_of_rain": 0,
       "will_it_snow": 0,
       "chance_of_snow": 0,
       "vis_km": 10,
       "vis_miles": 6,
       "gust_mph": 10.9,
       "gust_kph": 17.5,
       "uv": 0
     },
     {
       "time_epoch": 1723213800,
       "time": "2024-08-09 20:00",
       "temp_c": 29.5,
       "temp_f": 85.1,
       "is_day": 0,
       "condition": {
         "text": "Partly Cloudy ",
         "icon": "//cdn.weatherapi.com/weather/64x64/night/116.png",
         "code": 1003
       },
       "wind_mph": 6.3,
       "wind_kph": 10.1,
       "wind_degree": 155,
       "wind_dir": "SSE",
       "pressure_mb": 1008,
       "pressure_in": 29.76,
       "precip_mm": 0,
       "precip_in": 0,
       "snow_cm": 0,
       "humidity": 73,
       "cloud": 26,
       "feelslike_c": 34.6,
       "feelslike_f": 94.2,
       "windchill_c": 29.5,
       "windchill_f": 85.1,
       "heatindex_c": 34.6,
       "heatindex_f": 94.2,
       "dewpoint_c": 24.3,
       "dewpoint_f": 75.7,
       "will_it_rain": 0,
       "chance_of_rain": 0,
       "will_it_snow": 0,
       "chance_of_snow": 0,
       "vis_km": 10,
       "vis_miles": 6,
       "gust_mph": 10.2,
       "gust_kph": 16.4,
       "uv": 0
     },
     {
       "time_epoch": 1723217400,
       "time": "2024-08-09 21:00",
       "temp_c": 29.4,
       "temp_f": 85,
       "is_day": 0,
       "condition": {
         "text": "Partly Cloudy ",
         "icon": "//cdn.weatherapi.com/weather/64x64/night/116.png",
         "code": 1003
       },
       "wind_mph": 6.5,
       "wind_kph": 10.4,
       "wind_degree": 157,
       "wind_dir": "SSE",
       "pressure_mb": 1008,
       "pressure_in": 29.77,
       "precip_mm": 0,
       "precip_in": 0,
       "snow_cm": 0,
       "humidity": 74,
       "cloud": 27,
       "feelslike_c": 34.5,
       "feelslike_f": 94.1,
       "windchill_c": 29.5,
       "windchill_f": 85,
       "heatindex_c": 34.5,
       "heatindex_f": 94.1,
       "dewpoint_c": 24.3,
       "dewpoint_f": 75.7,
       "will_it_rain": 0,
       "chance_of_rain": 0,
       "will_it_snow": 0,
       "chance_of_snow": 0,
       "vis_km": 10,
       "vis_miles": 6,
       "gust_mph": 10.5,
       "gust_kph": 17,
       "uv": 0
     },
     {
       "time_epoch": 1723221000,
       "time": "2024-08-09 22:00",
       "temp_c": 29.3,
       "temp_f": 84.7,
       "is_day": 0,
       "condition": {
         "text": "Partly Cloudy ",
         "icon": "//cdn.weatherapi.com/weather/64x64/night/116.png",
         "code": 1003
       },
       "wind_mph": 6.3,
       "wind_kph": 10.1,
       "wind_degree": 169,
       "wind_dir": "S",
       "pressure_mb": 1008,
       "pressure_in": 29.78,
       "precip_mm": 0,
       "precip_in": 0,
       "snow_cm": 0,
       "humidity": 75,
       "cloud": 30,
       "feelslike_c": 34.3,
       "feelslike_f": 93.8,
       "windchill_c": 29.3,
       "windchill_f": 84.7,
       "heatindex_c": 34.3,
       "heatindex_f": 93.8,
       "dewpoint_c": 24.3,
       "dewpoint_f": 75.8,
       "will_it_rain": 0,
       "chance_of_rain": 0,
       "will_it_snow": 0,
       "chance_of_snow": 0,
       "vis_km": 10,
       "vis_miles": 6,
       "gust_mph": 10.1,
       "gust_kph": 16.3,
       "uv": 0
     },
     {
       "time_epoch": 1723224600,
       "time": "2024-08-09 23:00",
       "temp_c": 29.1,
       "temp_f": 84.4,
       "is_day": 0,
       "condition": {
         "text": "Partly Cloudy ",
         "icon": "//cdn.weatherapi.com/weather/64x64/night/116.png",
         "code": 1003
       },
       "wind_mph": 7.2,
       "wind_kph": 11.5,
       "wind_degree": 183,
       "wind_dir": "S",
       "pressure_mb": 1008,
       "pressure_in": 29.76,
       "precip_mm": 0,
       "precip_in": 0,
       "snow_cm": 0,
       "humidity": 75,
       "cloud": 31,
       "feelslike_c": 34,
       "feelslike_f": 93.1,
       "windchill_c": 29.1,
       "windchill_f": 84.3,
       "heatindex_c": 34,
       "heatindex_f": 93.1,
       "dewpoint_c": 24.3,
       "dewpoint_f": 75.7,
       "will_it_rain": 0,
       "chance_of_rain": 0,
       "will_it_snow": 0,
       "chance_of_snow": 0,
       "vis_km": 10,
       "vis_miles": 6,
       "gust_mph": 11.5,
       "gust_kph": 18.5,
       "uv": 0
     }
   ]
 }